context	ref	alt	ref_context	alt_context	methylation_level	variant_type	num_sites	theta	mean_theta	sd_theta	LL_no_heterogeneity	LL_heterogeneity	CV	LR	p_value	p_adj	theta_error	error	mu_gnomad	
ACG	C	T	ACG	ATG	12	CpG	104	2.37E-07	2.42E-07	4.71E-08	548.2543517	547.9712347	0.194755785	0.566234035	0.451759303	0.961460001	0.00850039	1.00E-10	2.29E-07	
GCG	C	T	GCG	GTG	14	CpG	117	1.93E-07	2.00E-07	4.55E-08	581.6189847	581.2147641	0.227485814	0.808441057	0.368581554	0.842472125	0.00693774	1.00E-10	2.10E-07	
TCG	C	T	TCG	TTG	12	CpG	145	1.55E-07	1.52E-07	5.29E-11	647.8476381	647.8476389	3.48E-04	-1.50E-06	1	1	0.005362078	4.80E-07	1.58E-07	
ACG	C	T	ACG	ATG	11	CpG	163	2.00E-07	2.08E-07	4.88E-08	809.8474834	809.2086991	0.234960578	1.277568636	0.258351596	0.630553048	0.007175315	1.00E-10	2.17E-07	
CCG	C	T	CCG	CTG	14	CpG	177	2.05E-07	2.03E-07	2.35E-08	879.8337079	879.781893	0.115749011	0.103629798	0.747516464	1	0.007344164	1.00E-10	2.09E-07	
GCG	C	T	GCG	GTG	13	CpG	188	1.90E-07	1.85E-07	1.05E-10	918.2021773	918.2021783	5.67E-04	-2.09E-06	1	1	0.006795392	5.50E-09	2.06E-07	
TCG	C	T	TCG	TTG	11	CpG	232	1.46E-07	1.47E-07	2.90E-08	1027.183118	1026.749869	0.196334965	0.866497923	0.35192666	0.817378048	0.007016689	1.00E-10	1.49E-07	
CCG	C	T	CCG	CTG	13	CpG	232	1.96E-07	2.00E-07	4.20E-08	1129.715748	1129.075744	0.209593927	1.280007952	0.257897557	0.630553048	0.00523684	1.00E-10	2.06E-07	
GCG	C	T	GCG	GTG	12	CpG	240	1.84E-07	1.85E-07	3.08E-08	1137.560901	1137.237449	0.166809854	0.646905424	0.421221249	0.94774781	0.006609767	1.00E-10	1.94E-07	
ACG	C	T	ACG	ATG	10	CpG	281	1.96E-07	2.08E-07	5.69E-08	1393.775576	1391.861948	0.273682221	3.827254182	0.050425477	0.14321873	0.007037495	1.00E-10	2.02E-07	
CCG	C	T	CCG	CTG	12	CpG	303	1.75E-07	1.81E-07	4.63E-08	1457.645008	1455.861626	0.254901429	3.566763423	0.058947099	0.163238121	0.006270182	1.00E-10	1.95E-07	
GCG	C	T	GCG	GTG	11	CpG	379	1.71E-07	1.82E-07	5.13E-08	1804.149114	1801.529904	0.282257653	5.238419567	0.022093336	0.067690221	0.006150258	1.00E-10	1.81E-07	
CCG	C	T	CCG	CTG	11	CpG	420	1.71E-07	1.77E-07	4.17E-08	2040.867136	2039.523741	0.236026462	2.686790911	0.101183409	0.26018591	0.006119927	1.00E-10	1.85E-07	
TCG	C	T	TCG	TTG	10	CpG	421	1.28E-07	1.35E-07	3.89E-08	1871.105008	1868.641609	0.288465112	4.926797328	0.026443282	0.079329846	0.00460084	1.00E-10	1.39E-07	
ACG	C	T	ACG	ATG	9	CpG	609	1.68E-07	1.73E-07	3.88E-08	2957.618468	2956.046565	0.223958124	3.143805793	0.076215774	0.203242063	0.00604009	1.00E-10	1.83E-07	
GCG	C	T	GCG	GTG	10	CpG	664	1.63E-07	1.73E-07	4.91E-08	3137.867754	3133.205489	0.284338548	9.324529489	0.002261064	0.008348543	0.005842935	1.00E-10	1.65E-07	
CCG	C	T	CCG	CTG	10	CpG	753	1.60E-07	1.59E-07	2.14E-08	3482.485753	3482.182535	0.134931761	0.606436729	0.436132608	0.961460001	0.005729625	1.00E-10	1.70E-07	
TCG	C	T	TCG	TTG	9	CpG	943	1.20E-07	1.27E-07	3.72E-08	4097.629956	4092.172635	0.294351185	10.91464151	9.54E-04	0.003713144	0.004320406	1.00E-10	1.24E-07	
TCG	C	T	TCG	TTG	4	CpG	1178	6.44E-08	6.64E-08	1.97E-08	4235.17233	4232.734597	0.297087016	4.875464814	0.027241103	0.080055487	0.002310225	1.00E-10	7.02E-08	
TCG	C	T	TCG	TTG	3	CpG	1367	4.77E-08	5.07E-08	2.06E-08	4400.346403	4395.019523	0.40527247	10.65375973	0.001098474	0.004162638	0.00171048	1.00E-10	6.30E-08	
GCG	C	T	GCG	GTG	4	CpG	1491	6.48E-08	6.97E-08	2.71E-08	5403.454266	5394.964965	0.38946286	16.9786003	3.78E-05	1.70E-04	0.002325127	1.00E-10	7.92E-08	
GCG	C	T	GCG	GTG	9	CpG	1538	1.41E-07	1.51E-07	4.85E-08	7084.854606	7071.321129	0.321006222	27.06695428	1.97E-07	1.13E-06	0.005044641	1.00E-10	1.48E-07	
ACG	C	T	ACG	ATG	4	CpG	1567	8.78E-08	9.90E-08	4.36E-08	6393.294464	6369.712299	0.439991136	47.16433043	6.53E-12	6.71E-11	0.00314974	1.00E-10	1.01E-07	
CCG	C	T	CCG	CTG	9	CpG	1648	1.45E-07	1.47E-07	2.95E-08	7545.628888	7542.947256	0.201193174	5.363263791	0.020565251	0.064378176	0.005189626	1.00E-10	1.52E-07	
GCG	C	T	GCG	GTG	5	CpG	1830	8.41E-08	9.28E-08	3.84E-08	7335.051268	7314.671512	0.413562222	40.75951105	1.72E-10	1.30E-09	0.003016891	1.00E-10	9.38E-08	
TCG	C	T	TCG	TTG	5	CpG	1927	8.11E-08	8.32E-08	2.17E-08	7492.457265	7489.010553	0.261414438	6.893422866	0.008651345	0.030385213	0.002907302	1.00E-10	8.07E-08	
TCG	C	T	TCG	TTG	2	CpG	2092	3.70E-08	3.95E-08	1.77E-08	5987.824855	5980.38566	0.448870882	14.87838934	1.15E-04	5.00E-04	0.001326547	1.00E-10	5.00E-08	
ACG	C	T	ACG	ATG	3	CpG	2115	5.85E-08	6.30E-08	2.59E-08	7412.946679	7400.350409	0.41074643	25.19253938	5.19E-07	2.67E-06	0.002098855	1.00E-10	8.97E-08	
CCG	C	T	CCG	CTG	4	CpG	2148	7.38E-08	8.14E-08	3.52E-08	8197.531101	8174.0828	0.432583185	46.89660282	7.48E-12	7.18E-11	0.002646728	1.00E-10	8.58E-08	
ACG	C	T	ACG	ATG	8	CpG	2703	1.46E-07	1.52E-07	4.12E-08	12427.29715	12413.45541	0.270688202	27.68347775	1.43E-07	8.57E-07	0.005225704	1.00E-10	1.56E-07	
GCG	C	T	GCG	GTG	3	CpG	2770	4.56E-08	4.70E-08	1.53E-08	8580.515629	8576.080543	0.325978214	8.870170774	0.00289868	0.010435249	0.001634961	1.00E-10	6.58E-08	
ACG	C	T	ACG	ATG	5	CpG	2824	1.10E-07	1.20E-07	4.43E-08	12270.38751	12240.89977	0.36890383	58.97547572	1.60E-14	2.55E-13	0.003936453	1.00E-10	1.15E-07	
TCG	C	T	TCG	TTG	8	CpG	2954	1.05E-07	1.05E-07	1.88E-08	12219.57392	12217.66523	0.17854545	3.817386437	0.0507233	0.14321873	0.0037724	1.00E-10	1.09E-07	
CCG	C	T	CCG	CTG	5	CpG	3100	9.71E-08	1.06E-07	3.91E-08	13024.81988	12997.42627	0.370651012	54.7872111	1.34E-13	1.61E-12	0.003481742	1.00E-10	9.92E-08	
ACG	C	T	ACG	ATG	2	CpG	3260	4.45E-08	4.76E-08	2.01E-08	10213.48142	10201.14436	0.4217469	24.67413334	6.79E-07	3.37E-06	0.001597143	1.00E-10	7.19E-08	
TCG	C	T	TCG	TTG	1	CpG	3404	2.73E-08	2.84E-08	1.23E-08	8302.980948	8297.089218	0.433648419	11.78345967	5.98E-04	0.002458669	9.78E-04	1.00E-10	3.61E-08	
CCG	C	T	CCG	CTG	3	CpG	3505	5.53E-08	5.81E-08	2.10E-08	11821.24224	11809.30759	0.361745805	23.86929972	1.03E-06	4.95E-06	0.001982533	1.00E-10	7.37E-08	
GCG	C	T	GCG	GTG	8	CpG	4871	1.21E-07	1.27E-07	3.63E-08	21398.97061	21375.79022	0.286746427	46.36078579	9.84E-12	8.85E-11	0.004324696	1.00E-10	1.29E-07	
ACG	C	T	ACG	ATG	1	CpG	4904	3.36E-08	3.52E-08	1.45E-08	13433.53883	13423.31996	0.413249224	20.43773613	6.16E-06	2.86E-05	0.001203409	1.00E-10	5.19E-08	
GCG	C	T	GCG	GTG	2	CpG	4997	3.36E-08	3.45E-08	1.21E-08	13615.25455	13609.52184	0.351733856	11.46542902	7.09E-04	0.002836114	0.001203555	1.00E-10	4.88E-08	
CCG	C	T	CCG	CTG	2	CpG	5696	4.19E-08	4.39E-08	1.66E-08	17293.62097	17280.98809	0.377563945	25.26575431	4.99E-07	2.66E-06	0.001503031	1.00E-10	5.73E-08	
CCG	C	T	CCG	CTG	8	CpG	5994	1.31E-07	1.34E-07	3.14E-08	26573.40135	26557.94021	0.234465694	30.92227145	2.69E-08	1.68E-07	0.004689728	1.00E-10	1.35E-07	
GCG	C	T	GCG	GTG	1	CpG	8485	2.56E-08	2.55E-08	6.48E-09	19799.63963	19798.09425	0.253772659	3.09076603	0.078737733	0.206149701	9.17E-04	1.00E-10	3.27E-08	
CCG	C	T	CCG	CTG	1	CpG	9784	3.09E-08	3.24E-08	1.37E-08	25618.02947	25597.98067	0.424255141	40.09759008	2.42E-10	1.74E-09	0.001109881	1.00E-10	3.91E-08	
TCG	C	T	TCG	TTG	7	CpG	10532	1.01E-07	9.99E-08	1.28E-08	43059.95166	43058.226	0.128451885	3.451316063	0.063201427	0.171717085	0.003615648	1.00E-10	9.78E-08	
ACG	C	T	ACG	ATG	7	CpG	11653	1.33E-07	1.36E-07	3.00E-08	51998.60715	51974.33761	0.220521956	48.5390703	3.24E-12	3.59E-11	0.004784794	1.00E-10	1.38E-07	
GCG	C	T	GCG	GTG	7	CpG	14351	1.13E-07	1.15E-07	2.48E-08	61244.57559	61223.25909	0.216072169	42.63298325	6.60E-11	5.28E-10	0.004055431	1.00E-10	1.16E-07	
TCG	C	T	TCG	TTG	0	CpG	18573	1.63E-08	1.63E-08	5.00E-09	33595.60969	33592.92584	0.30682842	5.367702089	0.020512984	0.064378176	5.85E-04	1.00E-10	1.75E-08	
CCG	C	T	CCG	CTG	7	CpG	19414	1.24E-07	1.25E-07	2.57E-08	84578.51915	84550.97577	0.204774928	55.08674558	1.15E-13	1.51E-12	0.004441478	1.00E-10	1.20E-07	
ACC	C	A	ACC	AAC	0	transversion	22560	5.54E-09	5.43E-09	6.26E-10	19828.26801	19828.26365	0.115394653	0.008715716	0.925619155	1	1.99E-04	1.00E-10	5.62E-09	
ACC	C	G	ACC	AGC	0	transversion	22663	2.49E-09	2.43E-09	1.46E-11	10601.00866	10601.00876	0.005996679	-1.91E-04	1	1	8.60E-05	3.52E-09	2.42E-09	
AAC	A	C	AAC	ACC	0	transversion	23863	1.19E-09	1.16E-09	6.04E-12	6340.77434	6340.774356	0.005188735	-3.31E-05	1	1	4.17E-05	1.12E-09	1.42E-09	
AAC	A	T	AAC	ATC	0	transversion	23917	9.77E-10	9.56E-10	2.73E-12	5313.76495	5313.764953	0.002852981	-5.43E-06	1	1	3.42E-05	8.53E-10	1.34E-09	
ACG	C	T	ACG	ATG	0	CpG	25222	1.84E-08	1.82E-08	3.30E-09	49099.63583	49099.04777	0.181375187	1.176121649	0.278146967	0.667552722	6.61E-04	1.00E-10	2.15E-08	
GAT	A	T	GAT	GTT	0	transversion	25789	2.93E-09	2.87E-09	2.03E-11	13983.22362	13983.22365	0.007067143	-5.67E-05	1	1	1.04E-04	7.23E-10	2.89E-09	
GAT	A	C	GAT	GCT	0	transversion	25834	1.19E-09	1.17E-09	8.84E-12	6729.287992	6729.288067	0.007575687	-1.50E-04	1	1	4.03E-05	2.65E-09	1.08E-09	
ACG	C	G	ACG	AGG	0	transversion	28396	5.00E-09	5.05E-09	3.06E-09	23331.9747	23329.10978	0.606775926	5.729834514	0.016679054	0.054585996	1.79E-04	1.00E-10	4.90E-09	
TAT	A	T	TAT	TTT	0	transversion	31927	1.65E-09	1.61E-09	2.73E-12	10924.51202	10924.51202	0.001690175	-9.38E-06	1	1	5.71E-05	2.24E-09	1.85E-09	
TAT	A	C	TAT	TCT	0	transversion	31991	1.32E-09	1.31E-09	1.03E-09	9254.033811	9253.821882	0.782370997	0.423859007	0.515017729	1	4.73E-05	1.00E-10	1.21E-09	
AAA	A	C	AAA	ACA	0	transversion	44046	1.66E-09	1.62E-09	5.38E-12	15152.15902	15152.15906	0.003323725	-6.74E-05	1	1	5.71E-05	2.40E-09	1.80E-09	
ACG	C	A	ACG	AAG	0	transversion	48688	5.76E-09	5.64E-09	4.79E-12	43443.2509	43443.25092	8.50E-04	-4.51E-05	1	1	1.99E-04	8.79E-09	6.58E-09	
TCG	C	T	TCG	TTG	6	CpG	49646	9.69E-08	9.71E-08	1.75E-08	201230.8229	201201.5062	0.180358928	58.63326299	1.90E-14	2.74E-13	0.003473783	1.00E-10	9.22E-08	
GCG	C	T	GCG	GTG	0	CpG	50854	1.49E-08	1.45E-08	2.73E-12	84986.03879	84986.0388	1.88E-04	-2.33E-05	1	1	4.93E-04	5.04E-08	1.38E-08	
GCG	C	T	GCG	GTG	6	CpG	50859	1.09E-07	1.12E-07	2.73E-08	214961.8929	214846.1155	0.243530338	231.5547415	2.73E-52	6.55E-51	0.003921789	1.00E-10	1.10E-07	
TCG	C	G	TCG	TGG	0	transversion	51403	5.80E-09	5.79E-09	2.74E-09	47021.85851	47018.92911	0.473614329	5.858799426	0.015499363	0.051904842	2.08E-04	1.00E-10	5.53E-09	
CCG	C	T	CCG	CTG	0	CpG	52991	1.87E-08	1.84E-08	2.28E-09	103869.8995	103869.6192	0.12396728	0.560589607	0.454022778	0.961460001	6.71E-04	1.00E-10	1.90E-08	
TAC	A	T	TAC	TTC	0	transversion	61745	1.24E-09	1.21E-09	3.41E-12	16455.4027	16455.40274	0.002821669	-7.78E-05	1	1	4.06E-05	3.90E-09	1.14E-09	
TAC	A	C	TAC	TCC	0	transversion	61781	1.31E-09	1.28E-09	4.96E-10	17732.18221	17732.15774	0.386443186	0.048937293	0.82492289	1	4.68E-05	1.00E-10	1.04E-09	
ACG	C	T	ACG	ATG	6	CpG	63511	1.29E-07	1.33E-07	3.22E-08	282517.1683	282340.474	0.241633493	353.3886376	7.75E-79	3.72E-77	0.00463851	1.00E-10	1.31E-07	
GAC	A	T	GAC	GTC	0	transversion	67339	1.58E-09	1.55E-09	5.30E-12	22288.8467	22288.84672	0.003422575	-5.34E-05	1	1	5.55E-05	1.41E-09	1.84E-09	
GAC	A	C	GAC	GCC	0	transversion	67365	1.43E-09	1.40E-09	2.73E-12	20492.11841	20492.11843	0.001948236	-5.05E-05	1	1	4.75E-05	4.02E-09	1.06E-09	
AAA	A	T	AAA	ATA	0	transversion	70007	8.76E-10	8.57E-10	7.47E-12	14081.31222	14081.31237	0.008711011	-3.12E-04	1	1	2.95E-05	2.03E-09	1.04E-09	
GCT	C	A	GCT	GAT	0	transversion	71661	1.84E-09	1.80E-09	2.73E-12	26049.35966	26049.35971	0.001513362	-8.85E-05	1	1	5.75E-05	9.16E-09	1.98E-09	
GCT	C	G	GCT	GGT	0	transversion	72038	2.18E-09	2.13E-09	7.78E-12	30632.27037	30632.27049	0.003651299	-2.50E-04	1	1	7.46E-05	3.81E-09	2.28E-09	
TCT	C	G	TCT	TGT	0	transversion	73563	5.14E-09	5.05E-09	1.15E-09	60792.2616	60792.08697	0.227983925	0.349268376	0.554527577	1	1.84E-04	1.00E-10	3.56E-09	
ACA	C	A	ACA	AAA	0	transversion	76948	2.36E-09	2.31E-09	2.73E-12	34719.56394	34719.56396	0.001179478	-4.10E-05	1	1	7.96E-05	5.60E-09	2.90E-09	
ACA	C	G	ACA	AGA	0	transversion	77086	2.97E-09	2.91E-09	6.52E-12	42048.37043	42048.37044	0.002243231	-1.33E-05	1	1	1.06E-04	5.56E-10	2.38E-09	
CAT	A	T	CAT	CTT	0	transversion	77791	2.40E-09	2.35E-09	2.73E-12	35607.81226	35607.81227	0.001162282	-2.86E-05	1	1	8.23E-05	4.00E-09	2.30E-09	
CAT	A	C	CAT	CCT	0	transversion	77815	2.37E-09	2.48E-09	3.16E-09	37545.97578	37529.41783	1.272624251	33.11589736	8.68E-09	5.95E-08	8.48E-05	1.00E-10	1.98E-09	
CCG	C	T	CCG	CTG	6	CpG	80309	1.20E-07	1.22E-07	2.69E-08	348399.2336	348256.2867	0.219853204	285.8939017	3.90E-64	1.40E-62	0.0043129	1.00E-10	1.13E-07	
TAA	A	C	TAA	TCA	0	transversion	96653	1.33E-09	1.31E-09	4.62E-12	27817.45812	27817.45818	0.003543014	-1.23E-04	1	1	4.57E-05	2.28E-09	1.34E-09	
AAG	A	T	AAG	ATG	0	transversion	97816	9.46E-10	9.25E-10	8.41E-12	21070.75429	21070.7545	0.009088149	-4.09E-04	1	1	3.24E-05	1.61E-09	9.26E-10	
TAC	A	G	TAC	TGC	0	non-CpG transition	102684	6.34E-09	6.42E-09	3.70E-09	100396.7043	100380.6015	0.577074961	32.20550531	1.39E-08	9.08E-08	2.27E-04	1.00E-10	6.13E-09	
TCG	C	A	TCG	TAG	0	transversion	106665	4.87E-09	4.76E-09	7.37E-12	84105.82995	84105.83007	0.001548703	-2.35E-04	1	1	1.68E-04	7.17E-09	5.01E-09	
GCG	C	G	GCG	GGG	0	transversion	110716	3.76E-09	3.68E-09	1.45E-11	72438.04472	72438.04517	0.003950044	-9.02E-04	1	1	1.31E-04	4.66E-09	3.92E-09	
TCT	C	A	TCT	TAT	0	transversion	111594	1.93E-09	1.89E-09	4.92E-12	42772.78793	42772.78804	0.002605886	-2.19E-04	1	1	6.48E-05	4.75E-09	2.63E-09	
GAA	A	C	GAA	GCA	0	transversion	123133	1.31E-09	1.29E-09	6.50E-10	35177.47663	35177.33731	0.505630471	0.278636047	0.597596596	1	4.68E-05	1.00E-10	1.20E-09	
TAA	A	T	TAA	TTA	0	transversion	123460	1.04E-09	1.02E-09	3.84E-12	28945.69429	28945.69436	0.003762262	-1.51E-04	1	1	3.54E-05	2.13E-09	1.79E-09	
GAC	A	G	GAC	GGC	0	non-CpG transition	125625	4.01E-09	3.92E-09	5.66E-12	86030.5046	86030.50468	0.001444051	-1.63E-04	1	1	1.39E-04	5.61E-09	4.22E-09	
TAT	A	G	TAT	TGT	0	non-CpG transition	140661	9.09E-09	9.86E-09	8.28E-09	181066.5644	180836.6097	0.840111669	459.9094026	5.03E-102	3.62E-100	3.26E-04	1.00E-10	1.13E-08	
TCC	C	G	TCC	TGC	0	transversion	143610	3.09E-09	3.02E-09	1.57E-11	80714.37571	80714.37613	0.005201979	-8.43E-04	1	1	1.09E-04	2.54E-09	2.50E-09	
GAT	A	G	GAT	GGT	0	non-CpG transition	144523	4.50E-09	4.41E-09	5.72E-10	108798.2731	108798.2486	0.129611764	0.048920236	0.824952909	1	1.61E-04	1.00E-10	5.29E-09	
TAG	A	G	TAG	TGG	0	non-CpG transition	145807	5.83E-09	5.70E-09	1.60E-11	132086.5606	132086.5608	0.002809391	-4.27E-04	1	1	2.07E-04	2.77E-09	5.13E-09	
AAG	A	C	AAG	ACG	0	transversion	146637	1.81E-09	1.77E-09	2.10E-11	53868.77019	53868.77044	0.011854746	-4.99E-04	1	1	6.43E-05	6.17E-10	1.52E-09	
TAG	A	T	TAG	TTG	0	transversion	147734	1.06E-09	1.03E-09	4.53E-12	34771.90171	34771.90182	0.004379502	-2.22E-04	1	1	3.58E-05	2.19E-09	1.04E-09	
GCC	C	A	GCC	GAC	0	transversion	152086	3.43E-09	3.36E-09	2.73E-12	91665.44307	91665.44311	8.13E-04	-8.29E-05	1	1	1.16E-04	8.15E-09	3.73E-09	
GCC	C	G	GCC	GGC	0	transversion	153531	1.94E-09	1.90E-09	4.80E-12	60113.18453	60113.18456	0.002532861	-4.58E-05	1	1	6.88E-05	7.56E-10	2.27E-09	
GCG	C	A	GCG	GAG	0	transversion	156441	6.97E-09	6.86E-09	1.47E-09	161862.3648	161861.7191	0.214747947	1.291451661	0.2557806	0.630553048	2.50E-04	1.00E-10	8.55E-09	
TAA	A	G	TAA	TGA	0	non-CpG transition	158160	4.57E-09	4.49E-09	1.04E-09	120643.0537	120642.7697	0.232349474	0.567913271	0.451089321	0.961460001	1.64E-04	1.00E-10	4.08E-09	
GAA	A	T	GAA	GTA	0	transversion	158478	9.94E-10	9.72E-10	4.96E-12	35338.38053	35338.38068	0.005099015	-3.05E-04	1	1	3.34E-05	2.34E-09	9.27E-10	
CCT	C	A	CCT	CAT	0	transversion	165087	1.61E-09	1.57E-09	2.73E-12	54254.73551	54254.73559	0.001733643	-1.58E-04	1	1	5.20E-05	6.05E-09	1.70E-09	
CCT	C	G	CCT	CGT	0	transversion	165777	3.46E-09	3.38E-09	7.19E-12	101814.3917	101814.3917	0.002125838	-8.82E-05	1	1	1.23E-04	1.32E-09	2.69E-09	
CAC	A	C	CAC	CCC	0	transversion	170495	2.38E-09	2.42E-09	2.36E-09	81663.3286	81650.55782	0.972422762	25.54156563	4.33E-07	2.40E-06	8.53E-05	1.00E-10	1.90E-09	
CAC	A	T	CAC	CTC	0	transversion	170741	1.29E-09	1.27E-09	7.85E-12	47748.20487	47748.20504	0.006204258	-3.51E-04	1	1	4.51E-05	1.35E-09	1.41E-09	
TAG	A	C	TAG	TCG	0	transversion	171347	1.24E-09	1.22E-09	9.06E-12	46480.74371	46480.74391	0.007452535	-3.93E-04	1	1	4.38E-05	8.48E-10	1.10E-09	
CAA	A	C	CAA	CCA	0	transversion	187383	2.10E-09	2.12E-09	1.90E-09	80399.37755	80392.09423	0.893341616	14.56663761	1.35E-04	5.73E-04	7.54E-05	1.00E-10	1.93E-09	
CCG	C	G	CCG	CGG	0	transversion	193181	6.67E-09	6.85E-09	4.57E-09	196831.7437	196770.3483	0.66704533	122.7909626	1.55E-28	3.19E-27	2.39E-04	1.00E-10	5.70E-09	
TCC	C	A	TCC	TAC	0	transversion	195868	2.78E-09	2.72E-09	3.43E-12	100627.2206	100627.2207	0.001263491	-1.12E-04	1	1	9.55E-05	4.41E-09	2.56E-09	
AAC	A	G	AAC	AGC	0	non-CpG transition	206751	5.65E-09	5.82E-09	4.30E-09	188032.4468	187971.6675	0.738628609	121.5585681	2.88E-28	5.19E-27	2.03E-04	1.00E-10	5.26E-09	
AAT	A	G	AAT	AGT	0	non-CpG transition	214260	7.07E-09	7.90E-09	8.35E-09	235824.9535	235411.2362	1.056991375	827.4345747	5.85E-182	8.43E-180	2.54E-04	1.00E-10	7.81E-09	
GAG	A	T	GAG	GTG	0	transversion	216193	1.23E-09	1.20E-09	5.57E-12	58290.68519	58290.68534	0.00463144	-2.97E-04	1	1	4.27E-05	1.54E-09	1.15E-09	
GAA	A	G	GAA	GGA	0	non-CpG transition	222448	2.74E-09	2.68E-09	2.73E-12	114325.6608	114325.6608	0.001018135	-4.94E-05	1	1	9.59E-05	2.56E-09	2.99E-09	
ACC	C	T	ACC	ATC	0	non-CpG transition	225544	9.75E-09	9.53E-09	2.04E-11	293605.5368	293605.537	0.002134457	-5.21E-04	1	1	3.48E-04	2.51E-09	9.86E-09	
TCA	C	G	TCA	TGA	0	transversion	241314	2.30E-09	2.25E-09	5.45E-12	107628.394	107628.3946	0.002421713	-0.001306533	1	1	8.09E-05	1.72E-09	2.12E-09	
GCA	C	A	GCA	GAA	0	transversion	241686	2.59E-09	2.53E-09	3.95E-12	117087.5455	117087.5457	0.001562177	-2.97E-04	1	1	8.70E-05	6.28E-09	3.26E-09	
GCA	C	G	GCA	GGA	0	transversion	242930	1.70E-09	1.66E-09	9.04E-12	85114.6351	85114.63533	0.00544628	-4.53E-04	1	1	5.97E-05	1.21E-09	1.66E-09	
CAA	A	T	CAA	CTA	0	transversion	245800	9.24E-10	9.04E-10	5.58E-12	52148.91238	52148.9125	0.00617901	-2.39E-04	1	1	3.22E-05	9.55E-10	8.94E-10	
CCG	C	A	CCG	CAG	0	transversion	251057	4.55E-09	4.45E-09	6.19E-12	188064.3921	188064.3923	0.001391362	-4.19E-04	1	1	1.57E-04	7.14E-09	5.14E-09	
GAG	A	G	GAG	GGG	0	non-CpG transition	252377	3.83E-09	3.75E-09	2.73E-12	165306.7037	165306.7038	7.28E-04	-1.47E-04	1	1	1.28E-04	1.00E-08	3.16E-09	
GCC	C	T	GCC	GTC	0	non-CpG transition	264012	8.52E-09	8.33E-09	1.38E-11	311658.9353	311658.936	0.001653854	-0.001413761	1	1	2.97E-04	1.03E-08	8.63E-09	
CAC	A	G	CAC	CGC	0	non-CpG transition	268764	5.36E-09	5.25E-09	7.65E-10	230572.0859	230571.9693	0.145819324	0.233212966	0.629151629	1	1.92E-04	1.00E-10	5.19E-09	
GAG	A	C	GAG	GCG	0	transversion	280483	1.46E-09	1.43E-09	8.37E-12	87393.0724	87393.07275	0.00584148	-6.99E-04	1	1	5.11E-05	1.52E-09	1.27E-09	
CCC	C	A	CCC	CAC	0	transversion	282049	2.63E-09	2.57E-09	5.25E-12	139608.6312	139608.6313	0.00204216	-3.65E-04	1	1	9.07E-05	3.81E-09	2.98E-09	
CCC	C	G	CCC	CGC	0	transversion	283871	3.20E-09	3.14E-09	7.03E-10	165511.1065	165510.9436	0.223952846	0.325724339	0.568187665	1	1.15E-04	1.00E-10	3.20E-09	
TCC	C	T	TCC	TTC	0	non-CpG transition	285140	7.87E-09	7.72E-09	1.24E-09	322095.8375	322095.3365	0.160912575	1.002012469	0.316824039	0.747912485	2.82E-04	1.00E-10	7.64E-09	
TCA	C	A	TCA	TAA	0	transversion	304237	1.64E-09	1.61E-09	3.36E-12	102190.9195	102190.9197	0.002090185	-4.17E-04	1	1	5.34E-05	5.96E-09	2.02E-09	
CCC	C	T	CCC	CTC	0	non-CpG transition	309161	8.85E-09	8.66E-09	1.67E-11	376654.8152	376654.8157	0.001926352	-9.93E-04	1	1	3.14E-04	4.26E-09	8.57E-09	
CAA	A	G	CAA	CGA	0	non-CpG transition	316485	4.18E-09	4.09E-09	9.08E-11	225752.8309	225752.8311	0.022183697	-2.81E-04	1	1	1.50E-04	1.00E-10	3.86E-09	
ACT	C	T	ACT	ATT	0	non-CpG transition	322040	7.97E-09	7.79E-09	2.73E-12	364108.0685	364108.0686	3.50E-04	-3.46E-05	1	1	2.82E-04	4.90E-09	7.88E-09	
ACA	C	T	ACA	ATA	0	non-CpG transition	323061	9.22E-09	9.02E-09	4.97E-12	401708.2936	401708.2937	5.52E-04	-2.00E-04	1	1	3.22E-04	1.02E-08	9.25E-09	
AAA	A	G	AAA	AGA	0	non-CpG transition	333392	3.34E-09	3.37E-09	2.41E-09	202492.4146	202470.5619	0.716258265	43.70531624	3.82E-11	3.23E-10	1.20E-04	1.00E-10	3.01E-09	
CAT	A	G	CAT	CGT	0	non-CpG transition	339583	1.01E-08	1.03E-08	5.63E-09	459700.553	459562.181	0.545551602	276.7440578	3.85E-62	1.11E-60	3.61E-04	1.00E-10	1.14E-08	
GCA	C	T	GCA	GTA	0	non-CpG transition	363707	7.14E-09	6.98E-09	7.69E-12	378319.0817	378319.0822	0.001101421	-8.34E-04	1	1	2.47E-04	1.05E-08	6.85E-09	
AAG	A	G	AAG	AGG	0	non-CpG transition	393935	4.56E-09	4.46E-09	1.62E-11	298759.7721	298759.7724	0.00363259	-6.63E-04	1	1	1.62E-04	1.10E-09	3.89E-09	
TCA	C	T	TCA	TTA	0	non-CpG transition	397639	6.40E-09	6.26E-09	1.92E-11	385625.1537	385625.1545	0.003070437	-0.001541086	1	1	2.27E-04	2.81E-09	5.74E-09	
TCT	C	T	TCT	TTT	0	non-CpG transition	486731	5.87E-09	5.74E-09	1.47E-11	443522.5478	443522.5485	0.002570827	-0.001361034	1	1	2.08E-04	2.95E-09	5.53E-09	
CCA	C	A	CCA	CAA	0	transversion	495922	1.62E-09	1.59E-09	2.74E-12	166534.9481	166534.9482	0.00172282	-2.91E-04	1	1	5.47E-05	3.80E-09	2.10E-09	
CAG	A	G	CAG	CGG	0	non-CpG transition	497055	6.00E-09	5.87E-09	1.32E-11	460038.5944	460038.5951	0.002250629	-0.001363991	1	1	2.12E-04	3.67E-09	5.30E-09	
CCA	C	G	CCA	CGA	0	transversion	497635	1.84E-09	1.80E-09	8.24E-12	186848.6027	186848.603	0.004579054	-5.01E-04	1	1	6.52E-05	7.95E-10	1.78E-09	
CAG	A	T	CAG	CTG	0	transversion	499828	1.18E-09	1.15E-09	2.73E-12	128765.7525	128765.7527	0.002363975	-2.80E-04	1	1	3.97E-05	2.76E-09	1.14E-09	
GCT	C	T	GCT	GTT	0	non-CpG transition	514175	7.16E-09	7.01E-09	3.58E-12	538587.1575	538587.1576	5.11E-04	-1.80E-04	1	1	2.50E-04	8.00E-09	7.71E-09	
CCA	C	T	CCA	CTA	0	non-CpG transition	540141	6.91E-09	6.75E-09	2.73E-12	551606.0685	551606.0686	4.04E-04	-1.03E-04	1	1	2.41E-04	7.57E-09	6.67E-09	
CAG	A	C	CAG	CCG	0	transversion	570206	1.92E-09	1.90E-09	1.10E-09	223440.5777	223437.2837	0.576249599	6.587841258	0.010267761	0.03520375	6.88E-05	1.00E-10	1.63E-09	
CCT	C	T	CCT	CTT	0	non-CpG transition	629507	7.99E-09	7.82E-09	6.66E-12	712377.8899	712377.8901	8.52E-04	-3.96E-04	1	1	2.82E-04	4.93E-09	8.07E-09	
