ref_context,alt_context,methylation_level,variant_type,num_sites,mean_theta,sd_theta,error,mu
ACG,ATG,12,CpG,104,2.42E-07,4.71E-08,1.00E-10,2.29E-07
GCG,GTG,14,CpG,117,2.00E-07,4.55E-08,1.00E-10,2.10E-07
TCG,TTG,12,CpG,145,1.52E-07,5.29E-11,4.80E-07,1.58E-07
ACG,ATG,11,CpG,163,2.08E-07,4.88E-08,1.00E-10,2.17E-07
CCG,CTG,14,CpG,177,2.03E-07,2.35E-08,1.00E-10,2.09E-07
GCG,GTG,13,CpG,188,1.85E-07,1.05E-10,5.50E-09,2.06E-07
TCG,TTG,11,CpG,232,1.47E-07,2.90E-08,1.00E-10,1.49E-07
CCG,CTG,13,CpG,232,2.00E-07,4.20E-08,1.00E-10,2.06E-07
GCG,GTG,12,CpG,240,1.85E-07,3.08E-08,1.00E-10,1.94E-07
ACG,ATG,10,CpG,281,2.08E-07,5.69E-08,1.00E-10,2.02E-07
CCG,CTG,12,CpG,303,1.81E-07,4.63E-08,1.00E-10,1.95E-07
GCG,GTG,11,CpG,379,1.82E-07,5.13E-08,1.00E-10,1.81E-07
CCG,CTG,11,CpG,420,1.77E-07,4.17E-08,1.00E-10,1.85E-07
TCG,TTG,10,CpG,421,1.35E-07,3.89E-08,1.00E-10,1.39E-07
ACG,ATG,9,CpG,609,1.73E-07,3.88E-08,1.00E-10,1.83E-07
GCG,GTG,10,CpG,664,1.73E-07,4.91E-08,1.00E-10,1.65E-07
CCG,CTG,10,CpG,753,1.59E-07,2.14E-08,1.00E-10,1.70E-07
TCG,TTG,9,CpG,943,1.27E-07,3.72E-08,1.00E-10,1.24E-07
TCG,TTG,4,CpG,1178,6.64E-08,1.97E-08,1.00E-10,7.02E-08
TCG,TTG,3,CpG,1367,5.07E-08,2.06E-08,1.00E-10,6.30E-08
GCG,GTG,4,CpG,1491,6.97E-08,2.71E-08,1.00E-10,7.92E-08
GCG,GTG,9,CpG,1538,1.51E-07,4.85E-08,1.00E-10,1.48E-07
ACG,ATG,4,CpG,1567,9.90E-08,4.36E-08,1.00E-10,1.01E-07
CCG,CTG,9,CpG,1648,1.47E-07,2.95E-08,1.00E-10,1.52E-07
GCG,GTG,5,CpG,1830,9.28E-08,3.84E-08,1.00E-10,9.38E-08
TCG,TTG,5,CpG,1927,8.32E-08,2.17E-08,1.00E-10,8.07E-08
TCG,TTG,2,CpG,2092,3.95E-08,1.77E-08,1.00E-10,5.00E-08
ACG,ATG,3,CpG,2115,6.30E-08,2.59E-08,1.00E-10,8.97E-08
CCG,CTG,4,CpG,2148,8.14E-08,3.52E-08,1.00E-10,8.58E-08
ACG,ATG,8,CpG,2703,1.52E-07,4.12E-08,1.00E-10,1.56E-07
GCG,GTG,3,CpG,2770,4.70E-08,1.53E-08,1.00E-10,6.58E-08
ACG,ATG,5,CpG,2824,1.20E-07,4.43E-08,1.00E-10,1.15E-07
TCG,TTG,8,CpG,2954,1.05E-07,1.88E-08,1.00E-10,1.09E-07
CCG,CTG,5,CpG,3100,1.06E-07,3.91E-08,1.00E-10,9.92E-08
ACG,ATG,2,CpG,3260,4.76E-08,2.01E-08,1.00E-10,7.19E-08
TCG,TTG,1,CpG,3404,2.84E-08,1.23E-08,1.00E-10,3.61E-08
CCG,CTG,3,CpG,3505,5.81E-08,2.10E-08,1.00E-10,7.37E-08
GCG,GTG,8,CpG,4871,1.27E-07,3.63E-08,1.00E-10,1.29E-07
ACG,ATG,1,CpG,4904,3.52E-08,1.45E-08,1.00E-10,5.19E-08
GCG,GTG,2,CpG,4997,3.45E-08,1.21E-08,1.00E-10,4.88E-08
CCG,CTG,2,CpG,5696,4.39E-08,1.66E-08,1.00E-10,5.73E-08
CCG,CTG,8,CpG,5994,1.34E-07,3.14E-08,1.00E-10,1.35E-07
GCG,GTG,1,CpG,8485,2.55E-08,6.48E-09,1.00E-10,3.27E-08
CCG,CTG,1,CpG,9784,3.24E-08,1.37E-08,1.00E-10,3.91E-08
TCG,TTG,7,CpG,10532,9.99E-08,1.28E-08,1.00E-10,9.78E-08
ACG,ATG,7,CpG,11653,1.36E-07,3.00E-08,1.00E-10,1.38E-07
GCG,GTG,7,CpG,14351,1.15E-07,2.48E-08,1.00E-10,1.16E-07
TCG,TTG,0,CpG,18573,1.63E-08,5.00E-09,1.00E-10,1.75E-08
CCG,CTG,7,CpG,19414,1.25E-07,2.57E-08,1.00E-10,1.20E-07
ACC,AAC,0,transversion,22560,5.43E-09,6.26E-10,1.00E-10,5.62E-09
ACC,AGC,0,transversion,22663,2.43E-09,1.46E-11,3.52E-09,2.42E-09
AAC,ACC,0,transversion,23863,1.16E-09,6.04E-12,1.12E-09,1.42E-09
AAC,ATC,0,transversion,23917,9.56E-10,2.73E-12,8.53E-10,1.34E-09
ACG,ATG,0,CpG,25222,1.82E-08,3.30E-09,1.00E-10,2.15E-08
GAT,GTT,0,transversion,25789,2.87E-09,2.03E-11,7.23E-10,2.89E-09
GAT,GCT,0,transversion,25834,1.17E-09,8.84E-12,2.65E-09,1.08E-09
ACG,AGG,0,transversion,28396,5.05E-09,3.06E-09,1.00E-10,4.90E-09
TAT,TTT,0,transversion,31927,1.61E-09,2.73E-12,2.24E-09,1.85E-09
TAT,TCT,0,transversion,31991,1.31E-09,1.03E-09,1.00E-10,1.21E-09
AAA,ACA,0,transversion,44046,1.62E-09,5.38E-12,2.40E-09,1.80E-09
ACG,AAG,0,transversion,48688,5.64E-09,4.79E-12,8.79E-09,6.58E-09
TCG,TTG,6,CpG,49646,9.71E-08,1.75E-08,1.00E-10,9.22E-08
GCG,GTG,0,CpG,50854,1.45E-08,2.73E-12,5.04E-08,1.38E-08
GCG,GTG,6,CpG,50859,1.12E-07,2.73E-08,1.00E-10,1.10E-07
TCG,TGG,0,transversion,51403,5.79E-09,2.74E-09,1.00E-10,5.53E-09
CCG,CTG,0,CpG,52991,1.84E-08,2.28E-09,1.00E-10,1.90E-08
TAC,TTC,0,transversion,61745,1.21E-09,3.41E-12,3.90E-09,1.14E-09
TAC,TCC,0,transversion,61781,1.28E-09,4.96E-10,1.00E-10,1.04E-09
ACG,ATG,6,CpG,63511,1.33E-07,3.22E-08,1.00E-10,1.31E-07
GAC,GTC,0,transversion,67339,1.55E-09,5.30E-12,1.41E-09,1.84E-09
GAC,GCC,0,transversion,67365,1.40E-09,2.73E-12,4.02E-09,1.06E-09
AAA,ATA,0,transversion,70007,8.57E-10,7.47E-12,2.03E-09,1.04E-09
GCT,GAT,0,transversion,71661,1.80E-09,2.73E-12,9.16E-09,1.98E-09
GCT,GGT,0,transversion,72038,2.13E-09,7.78E-12,3.81E-09,2.28E-09
TCT,TGT,0,transversion,73563,5.05E-09,1.15E-09,1.00E-10,3.56E-09
ACA,AAA,0,transversion,76948,2.31E-09,2.73E-12,5.60E-09,2.90E-09
ACA,AGA,0,transversion,77086,2.91E-09,6.52E-12,5.56E-10,2.38E-09
CAT,CTT,0,transversion,77791,2.35E-09,2.73E-12,4.00E-09,2.30E-09
CAT,CCT,0,transversion,77815,2.48E-09,3.16E-09,1.00E-10,1.98E-09
CCG,CTG,6,CpG,80309,1.22E-07,2.69E-08,1.00E-10,1.13E-07
TAA,TCA,0,transversion,96653,1.31E-09,4.62E-12,2.28E-09,1.34E-09
AAG,ATG,0,transversion,97816,9.25E-10,8.41E-12,1.61E-09,9.26E-10
TAC,TGC,0,non-CpG transition,102684,6.42E-09,3.70E-09,1.00E-10,6.13E-09
TCG,TAG,0,transversion,106665,4.76E-09,7.37E-12,7.17E-09,5.01E-09
GCG,GGG,0,transversion,110716,3.68E-09,1.45E-11,4.66E-09,3.92E-09
TCT,TAT,0,transversion,111594,1.89E-09,4.92E-12,4.75E-09,2.63E-09
GAA,GCA,0,transversion,123133,1.29E-09,6.50E-10,1.00E-10,1.20E-09
TAA,TTA,0,transversion,123460,1.02E-09,3.84E-12,2.13E-09,1.79E-09
GAC,GGC,0,non-CpG transition,125625,3.92E-09,5.66E-12,5.61E-09,4.22E-09
TAT,TGT,0,non-CpG transition,140661,9.86E-09,8.28E-09,1.00E-10,1.13E-08
TCC,TGC,0,transversion,143610,3.02E-09,1.57E-11,2.54E-09,2.50E-09
GAT,GGT,0,non-CpG transition,144523,4.41E-09,5.72E-10,1.00E-10,5.29E-09
TAG,TGG,0,non-CpG transition,145807,5.70E-09,1.60E-11,2.77E-09,5.13E-09
AAG,ACG,0,transversion,146637,1.77E-09,2.10E-11,6.17E-10,1.52E-09
TAG,TTG,0,transversion,147734,1.03E-09,4.53E-12,2.19E-09,1.04E-09
GCC,GAC,0,transversion,152086,3.36E-09,2.73E-12,8.15E-09,3.73E-09
GCC,GGC,0,transversion,153531,1.90E-09,4.80E-12,7.56E-10,2.27E-09
GCG,GAG,0,transversion,156441,6.86E-09,1.47E-09,1.00E-10,8.55E-09
TAA,TGA,0,non-CpG transition,158160,4.49E-09,1.04E-09,1.00E-10,4.08E-09
GAA,GTA,0,transversion,158478,9.72E-10,4.96E-12,2.34E-09,9.27E-10
CCT,CAT,0,transversion,165087,1.57E-09,2.73E-12,6.05E-09,1.70E-09
CCT,CGT,0,transversion,165777,3.38E-09,7.19E-12,1.32E-09,2.69E-09
CAC,CCC,0,transversion,170495,2.42E-09,2.36E-09,1.00E-10,1.90E-09
CAC,CTC,0,transversion,170741,1.27E-09,7.85E-12,1.35E-09,1.41E-09
TAG,TCG,0,transversion,171347,1.22E-09,9.06E-12,8.48E-10,1.10E-09
CAA,CCA,0,transversion,187383,2.12E-09,1.90E-09,1.00E-10,1.93E-09
CCG,CGG,0,transversion,193181,6.85E-09,4.57E-09,1.00E-10,5.70E-09
TCC,TAC,0,transversion,195868,2.72E-09,3.43E-12,4.41E-09,2.56E-09
AAC,AGC,0,non-CpG transition,206751,5.82E-09,4.30E-09,1.00E-10,5.26E-09
AAT,AGT,0,non-CpG transition,214260,7.90E-09,8.35E-09,1.00E-10,7.81E-09
GAG,GTG,0,transversion,216193,1.20E-09,5.57E-12,1.54E-09,1.15E-09
GAA,GGA,0,non-CpG transition,222448,2.68E-09,2.73E-12,2.56E-09,2.99E-09
ACC,ATC,0,non-CpG transition,225544,9.53E-09,2.04E-11,2.51E-09,9.86E-09
TCA,TGA,0,transversion,241314,2.25E-09,5.45E-12,1.72E-09,2.12E-09
GCA,GAA,0,transversion,241686,2.53E-09,3.95E-12,6.28E-09,3.26E-09
GCA,GGA,0,transversion,242930,1.66E-09,9.04E-12,1.21E-09,1.66E-09
CAA,CTA,0,transversion,245800,9.04E-10,5.58E-12,9.55E-10,8.94E-10
CCG,CAG,0,transversion,251057,4.45E-09,6.19E-12,7.14E-09,5.14E-09
GAG,GGG,0,non-CpG transition,252377,3.75E-09,2.73E-12,1.00E-08,3.16E-09
GCC,GTC,0,non-CpG transition,264012,8.33E-09,1.38E-11,1.03E-08,8.63E-09
CAC,CGC,0,non-CpG transition,268764,5.25E-09,7.65E-10,1.00E-10,5.19E-09
GAG,GCG,0,transversion,280483,1.43E-09,8.37E-12,1.52E-09,1.27E-09
CCC,CAC,0,transversion,282049,2.57E-09,5.25E-12,3.81E-09,2.98E-09
CCC,CGC,0,transversion,283871,3.14E-09,7.03E-10,1.00E-10,3.20E-09
TCC,TTC,0,non-CpG transition,285140,7.72E-09,1.24E-09,1.00E-10,7.64E-09
TCA,TAA,0,transversion,304237,1.61E-09,3.36E-12,5.96E-09,2.02E-09
CCC,CTC,0,non-CpG transition,309161,8.66E-09,1.67E-11,4.26E-09,8.57E-09
CAA,CGA,0,non-CpG transition,316485,4.09E-09,9.08E-11,1.00E-10,3.86E-09
ACT,ATT,0,non-CpG transition,322040,7.79E-09,2.73E-12,4.90E-09,7.88E-09
ACA,ATA,0,non-CpG transition,323061,9.02E-09,4.97E-12,1.02E-08,9.25E-09
AAA,AGA,0,non-CpG transition,333392,3.37E-09,2.41E-09,1.00E-10,3.01E-09
CAT,CGT,0,non-CpG transition,339583,1.03E-08,5.63E-09,1.00E-10,1.14E-08
GCA,GTA,0,non-CpG transition,363707,6.98E-09,7.69E-12,1.05E-08,6.85E-09
AAG,AGG,0,non-CpG transition,393935,4.46E-09,1.62E-11,1.10E-09,3.89E-09
TCA,TTA,0,non-CpG transition,397639,6.26E-09,1.92E-11,2.81E-09,5.74E-09
TCT,TTT,0,non-CpG transition,486731,5.74E-09,1.47E-11,2.95E-09,5.53E-09
CCA,CAA,0,transversion,495922,1.59E-09,2.74E-12,3.80E-09,2.10E-09
CAG,CGG,0,non-CpG transition,497055,5.87E-09,1.32E-11,3.67E-09,5.30E-09
CCA,CGA,0,transversion,497635,1.80E-09,8.24E-12,7.95E-10,1.78E-09
CAG,CTG,0,transversion,499828,1.15E-09,2.73E-12,2.76E-09,1.14E-09
GCT,GTT,0,non-CpG transition,514175,7.01E-09,3.58E-12,8.00E-09,7.71E-09
CCA,CTA,0,non-CpG transition,540141,6.75E-09,2.73E-12,7.57E-09,6.67E-09
CAG,CCG,0,transversion,570206,1.90E-09,1.10E-09,1.00E-10,1.63E-09
CCT,CTT,0,non-CpG transition,629507,7.82E-09,6.66E-12,4.93E-09,8.07E-09
